avg_count	skew_ratio
Lib-A	1066.90304819296	8.26748971193416
EaA5r3	388.197696648976	119
aCon	259.99986234954	10.18
