avg_count	skew_ratio
Lib-A	1066.90304819296	8.26748971193416
aCon	259.99986234954	10.18
EaA6r4	365.231405717082	964
