avg_count	skew_ratio
RaA4r3	601.964409708946	16.1518987341772
Lib-A	1066.90304819296	8.26748971193416
aCon	259.99986234954	10.18
