avg_count	skew_ratio
Lib-A	1066.90304819296	8.26748971193416
hCon2	587.089136319839	10.9150943396226
RhA2r4_ATAGCGTC	331.501537096799	12.6037735849057
RhA2r4_TCGCCTTG	388.457978373583	12.4761904761905
