avg_count	skew_ratio
hCon2	587.089136319839	10.9150943396226
RhA2r2	504.439395561537	12.1566265060241
Lib-A	1066.90304819296	8.26748971193416
