avg_count	skew_ratio
hCon2	587.089136319839	10.9150943396226
RhA3r4	597.887876053408	13.2608695652174
Lib-A	1066.90304819296	8.26748971193416
