avg_count	skew_ratio
EaA5r3	388.197696648976	119
EaA6r4	365.231405717082	964
Lib-A	1066.90304819296	8.26748971193416
RaA4r3	601.964409708946	16.1518987341772
RhA2r2	504.439395561537	12.1566265060241
RhA2r4_ATAGCGTC	331.501537096799	12.6037735849057
RhA2r4_TCGCCTTG	388.457978373583	12.4761904761905
RhA3r4	597.887876053408	13.2608695652174
ZaA7r2	170.147362464249	16.0454545454545
ZaA8r2	905.300827432207	2049
ZaA8r4	210.530856644694	Inf
aCon	259.99986234954	10.18
hCon2	587.089136319839	10.9150943396226
