avg_count	skew_ratio
aCon	259.99986234954	10.18
ZaA7r2	170.147362464249	16.0454545454545
Lib-A	1066.90304819296	8.26748971193416
