avg_count	skew_ratio
aCon	259.99986234954	10.18
ZaA8r2	905.300827432207	2049
Lib-A	1066.90304819296	8.26748971193416
